{"cameraMode":{"drawMode":0,"name":"Shaded","section":"Shading Mode"},"sceneLighting":false,"audioPlay":false,"sceneViewState":{"showFog":false,"showMaterialUpdate":false,"showSkybox":false,"showFlares":false,"showImageEffects":false,"showParticleSystems":false},"in2DMode":false,"pivot":{"x":0.004513651132583618,"y":0.43712642788887026,"z":-0.0543217658996582},"rotation":{"x":0.0002352681040065363,"y":-0.9997710585594177,"z":0.015307599678635598,"w":0.015918171033263208},"size":0.6117781400680542,"orthographic":false}