{"cameraMode":{"drawMode":0,"name":"Shaded","section":"Shading Mode"},"sceneLighting":false,"audioPlay":false,"sceneViewState":{"showFog":false,"showMaterialUpdate":false,"showSkybox":false,"showFlares":false,"showImageEffects":false,"showParticleSystems":false},"in2DMode":false,"pivot":{"x":10.170000076293946,"y":0.8099998831748962,"z":11.979999542236329},"rotation":{"x":-0.16231819987297059,"y":-0.7697454690933228,"z":0.21601715683937074,"w":-0.5783799886703491},"size":0.30000007152557375,"orthographic":false}