{"cameraMode":{"drawMode":0,"name":"Shaded","section":"Shading Mode"},"sceneLighting":false,"audioPlay":false,"sceneViewState":{"showFog":false,"showMaterialUpdate":false,"showSkybox":false,"showFlares":false,"showImageEffects":false,"showParticleSystems":false},"in2DMode":false,"pivot":{"x":-0.023488283157348634,"y":0.6241652965545654,"z":0.30674540996551516},"rotation":{"x":-0.5552775859832764,"y":-0.2488713264465332,"z":0.17873166501522065,"w":-0.7731977701187134},"size":2.1644375324249269,"orthographic":false}