{"cameraMode":{"drawMode":0,"name":"Shaded","section":"Shading Mode"},"sceneLighting":false,"audioPlay":false,"sceneViewState":{"showFog":false,"showMaterialUpdate":false,"showSkybox":false,"showFlares":false,"showImageEffects":false,"showParticleSystems":false},"in2DMode":false,"pivot":{"x":-0.0021646320819854738,"y":0.3416748642921448,"z":-0.04848148673772812},"rotation":{"x":0.1333685666322708,"y":-0.024960771203041078,"z":0.0033615189604461195,"w":0.9907503724098206},"size":0.37458959221839907,"orthographic":false}