{"cameraMode":{"drawMode":0,"name":"Shaded","section":"Shading Mode"},"sceneLighting":false,"audioPlay":false,"sceneViewState":{"showFog":false,"showMaterialUpdate":false,"showSkybox":false,"showFlares":false,"showImageEffects":false,"showParticleSystems":false},"in2DMode":false,"pivot":{"x":-0.003215193748474121,"y":0.45953628420829775,"z":0.03274810314178467},"rotation":{"x":0.13428913056850434,"y":0.7378849387168884,"z":-0.1540440320968628,"w":0.6432493925094605},"size":1.7539873123168946,"orthographic":false}