{"cameraMode":{"drawMode":0,"name":"Shaded","section":"Shading Mode"},"sceneLighting":false,"audioPlay":false,"sceneViewState":{"showFog":false,"showMaterialUpdate":false,"showSkybox":false,"showFlares":false,"showImageEffects":false,"showParticleSystems":false},"in2DMode":false,"pivot":{"x":48.05956268310547,"y":-20.130630493164064,"z":53.87138366699219},"rotation":{"x":0.4212379455566406,"y":-0.5783418416976929,"z":0.5105751156806946,"w":0.47699955105781557},"size":92.17811584472656,"orthographic":false}