{"cameraMode":{"drawMode":0,"name":"Shaded","section":"Shading Mode"},"sceneLighting":false,"audioPlay":false,"sceneViewState":{"showFog":false,"showMaterialUpdate":false,"showSkybox":false,"showFlares":false,"showImageEffects":false,"showParticleSystems":false},"in2DMode":false,"pivot":{"x":2.9802322387695315e-8,"y":0.46006402373313906,"z":-0.058716781437397},"rotation":{"x":0.0002352681040065363,"y":-0.9997710585594177,"z":0.015307599678635598,"w":0.015918171033263208},"size":0.6326339244842529,"orthographic":false}