{"cameraMode":{"drawMode":0,"name":"Shaded","section":"Shading Mode"},"sceneLighting":false,"audioPlay":false,"sceneViewState":{"showFog":false,"showMaterialUpdate":false,"showSkybox":false,"showFlares":false,"showImageEffects":false,"showParticleSystems":false},"in2DMode":false,"pivot":{"x":-0.07549238204956055,"y":3.747734308242798,"z":0.10094642639160156},"rotation":{"x":-0.1221642941236496,"y":0.24216501414775849,"z":-0.03075702302157879,"w":-0.9620478749275208},"size":6.42310905456543,"orthographic":false}