{"cameraMode":{"drawMode":0,"name":"Shaded","section":"Shading Mode"},"sceneLighting":false,"audioPlay":false,"sceneViewState":{"showFog":false,"showMaterialUpdate":false,"showSkybox":false,"showFlares":false,"showImageEffects":false,"showParticleSystems":false},"in2DMode":false,"pivot":{"x":0.0045136213302612309,"y":0.5418450832366943,"z":-0.0037194043397903444},"rotation":{"x":-0.00013506077812053263,"y":-0.9997590184211731,"z":-0.005688831675797701,"w":0.021918490529060365},"size":0.7136006355285645,"orthographic":false}