{"cameraMode":{"drawMode":0,"name":"Shaded","section":"Shading Mode"},"sceneLighting":false,"audioPlay":false,"sceneViewState":{"showFog":false,"showMaterialUpdate":false,"showSkybox":false,"showFlares":false,"showImageEffects":false,"showParticleSystems":false},"in2DMode":false,"pivot":{"x":-0.38405513763427737,"y":5.3399338722229,"z":-0.33413267135620119},"rotation":{"x":0.16311371326446534,"y":0.3554108738899231,"z":-0.0631350576877594,"w":0.918205201625824},"size":6.841257572174072,"orthographic":false}