{"cameraMode":{"drawMode":0,"name":"Shaded","section":"Shading Mode"},"sceneLighting":false,"audioPlay":false,"sceneViewState":{"showFog":false,"showMaterialUpdate":false,"showSkybox":false,"showFlares":false,"showImageEffects":false,"showParticleSystems":false},"in2DMode":false,"pivot":{"x":-4.228860378265381,"y":0.8400000333786011,"z":1.4934067726135255},"rotation":{"x":0.32737812399864199,"y":-0.019840383902192117,"z":0.006880658213049173,"w":0.9446693658828735},"size":1.787932276725769,"orthographic":false}