{"cameraMode":{"drawMode":0,"name":"Shaded","section":"Shading Mode"},"sceneLighting":false,"audioPlay":false,"sceneViewState":{"showFog":false,"showMaterialUpdate":false,"showSkybox":false,"showFlares":false,"showImageEffects":false,"showParticleSystems":false},"in2DMode":false,"pivot":{"x":0.023557543754577638,"y":0.5550005435943604,"z":0.021487653255462648},"rotation":{"x":0.08629335463047028,"y":-0.6710755825042725,"z":0.0790807381272316,"w":0.7321726679801941},"size":0.6302949786186218,"orthographic":false}