{"cameraMode":{"drawMode":0,"name":"Shaded","section":"Shading Mode"},"sceneLighting":false,"audioPlay":false,"sceneViewState":{"showFog":false,"showMaterialUpdate":false,"showSkybox":false,"showFlares":false,"showImageEffects":false,"showParticleSystems":false},"in2DMode":false,"pivot":{"x":-0.22420963644981385,"y":0.8836827278137207,"z":-0.40342438220977785},"rotation":{"x":-0.005595083814114332,"y":-0.45381736755371096,"z":0.0029149444308131935,"w":-0.8911308646202087},"size":2.0159664154052736,"orthographic":false}