{"cameraMode":{"drawMode":0,"name":"Shaded","section":"Shading Mode"},"sceneLighting":false,"audioPlay":false,"sceneViewState":{"showFog":false,"showMaterialUpdate":false,"showSkybox":false,"showFlares":false,"showImageEffects":false,"showParticleSystems":false},"in2DMode":false,"pivot":{"x":0.3090779781341553,"y":5.969118118286133,"z":0.035443782806396487},"rotation":{"x":-0.18443477153778077,"y":0.3784901201725006,"z":-0.0772448182106018,"w":-0.9037773609161377},"size":7.814459800720215,"orthographic":false}