{"cameraMode":{"drawMode":0,"name":"Shaded","section":"Shading Mode"},"sceneLighting":true,"audioPlay":false,"sceneViewState":{"showFog":true,"showMaterialUpdate":false,"showSkybox":true,"showFlares":true,"showImageEffects":true,"showParticleSystems":true},"in2DMode":false,"pivot":{"x":16.936782836914064,"y":3.730118989944458,"z":97.298828125},"rotation":{"x":-0.0044992463663220409,"y":0.011094645597040654,"z":0.00005391930608311668,"w":0.9999674558639526},"size":79.44629669189453,"orthographic":false}