{"cameraMode":{"drawMode":0,"name":"Shaded","section":"Shading Mode"},"sceneLighting":false,"audioPlay":false,"sceneViewState":{"showFog":false,"showMaterialUpdate":false,"showSkybox":false,"showFlares":false,"showImageEffects":false,"showParticleSystems":false},"in2DMode":false,"pivot":{"x":0.060680389404296878,"y":5.613080978393555,"z":-0.17610836029052735},"rotation":{"x":0.08629335463047028,"y":-0.6710755825042725,"z":0.0790807381272316,"w":0.7321726679801941},"size":5.7295355796813969,"orthographic":false}