{"cameraMode":{"drawMode":0,"name":"Shaded","section":"Shading Mode"},"sceneLighting":false,"audioPlay":false,"sceneViewState":{"showFog":false,"showMaterialUpdate":false,"showSkybox":false,"showFlares":false,"showImageEffects":false,"showParticleSystems":false},"in2DMode":false,"pivot":{"x":80.29319763183594,"y":1.5819880962371827,"z":93.83860778808594},"rotation":{"x":0.09866540133953095,"y":0.8981004357337952,"z":-0.2605348527431488,"w":0.3404948115348816},"size":2.7014832496643068,"orthographic":false}