{"cameraMode":{"drawMode":0,"name":"Shaded","section":"Shading Mode"},"sceneLighting":false,"audioPlay":false,"sceneViewState":{"showFog":false,"showMaterialUpdate":false,"showSkybox":false,"showFlares":false,"showImageEffects":false,"showParticleSystems":false},"in2DMode":false,"pivot":{"x":0.0017849504947662354,"y":0.44323843717575076,"z":-0.05849677324295044},"rotation":{"x":0.0010392899857833982,"y":-0.9987002611160278,"z":0.022784382104873658,"w":0.045893698930740359},"size":0.339921236038208,"orthographic":false}