{"cameraMode":{"drawMode":0,"name":"Shaded","section":"Shading Mode"},"sceneLighting":false,"audioPlay":false,"sceneViewState":{"showFog":true,"showMaterialUpdate":true,"showSkybox":true,"showFlares":true,"showImageEffects":true,"showParticleSystems":true},"in2DMode":false,"pivot":{"x":24.100000381469728,"y":3.0,"z":97.43000030517578},"rotation":{"x":0.4553779363632202,"y":0.06206826865673065,"z":-0.032078031450510028,"w":0.8876934051513672},"size":25.617835998535158,"orthographic":false}