{"cameraMode":{"drawMode":0,"name":"Shaded","section":"Shading Mode"},"sceneLighting":false,"audioPlay":false,"sceneViewState":{"showFog":false,"showMaterialUpdate":false,"showSkybox":false,"showFlares":false,"showImageEffects":false,"showParticleSystems":false},"in2DMode":false,"pivot":{"x":0.004513651132583618,"y":0.44902804493904116,"z":-0.09867719560861588},"rotation":{"x":0.0010392899857833982,"y":-0.9987002611160278,"z":0.022784382104873658,"w":0.045893698930740359},"size":0.638859212398529,"orthographic":false}