{"cameraMode":{"drawMode":0,"name":"Shaded","section":"Shading Mode"},"sceneLighting":false,"audioPlay":false,"sceneViewState":{"showFog":false,"showMaterialUpdate":false,"showSkybox":false,"showFlares":false,"showImageEffects":false,"showParticleSystems":false},"in2DMode":false,"pivot":{"x":10.170000076293946,"y":0.841424286365509,"z":15.710111618041993},"rotation":{"x":0.17655959725379945,"y":0.7844493985176086,"z":-0.2587392032146454,"w":0.5352855324745178},"size":1.9360482692718506,"orthographic":false}