{"cameraMode":{"drawMode":0,"name":"Shaded","section":"Shading Mode"},"sceneLighting":false,"audioPlay":false,"sceneViewState":{"showFog":false,"showMaterialUpdate":false,"showSkybox":false,"showFlares":false,"showImageEffects":false,"showParticleSystems":false},"in2DMode":false,"pivot":{"x":0.0045136213302612309,"y":0.5047223567962647,"z":-0.05849677324295044},"rotation":{"x":-0.00013506077812053263,"y":-0.9997590184211731,"z":-0.005688831675797701,"w":0.021918490529060365},"size":0.6652101874351502,"orthographic":false}