{"cameraMode":{"drawMode":0,"name":"Shaded","section":"Shading Mode"},"sceneLighting":false,"audioPlay":false,"sceneViewState":{"showFog":false,"showMaterialUpdate":false,"showSkybox":false,"showFlares":false,"showImageEffects":false,"showParticleSystems":false},"in2DMode":false,"pivot":{"x":0.001495063304901123,"y":0.47464245557785036,"z":-0.05583145469427109},"rotation":{"x":0.0010392899857833982,"y":-0.9987002611160278,"z":0.022784382104873658,"w":0.045893698930740359},"size":0.6417055726051331,"orthographic":false}