{"cameraMode":{"drawMode":0,"name":"Shaded","section":"Shading Mode"},"sceneLighting":true,"audioPlay":false,"sceneViewState":{"showFog":false,"showMaterialUpdate":false,"showSkybox":false,"showFlares":false,"showImageEffects":false,"showParticleSystems":false},"in2DMode":false,"pivot":{"x":10.170000076293946,"y":0.8099998831748962,"z":13.470000267028809},"rotation":{"x":0.17330282926559449,"y":0.06789672374725342,"z":-0.011977109126746655,"w":0.9824532866477966},"size":7.1075119972229,"orthographic":false}