{"cameraMode":{"drawMode":0,"name":"Shaded","section":"Shading Mode"},"sceneLighting":true,"audioPlay":false,"sceneViewState":{"showFog":false,"showMaterialUpdate":false,"showSkybox":false,"showFlares":false,"showImageEffects":false,"showParticleSystems":false},"in2DMode":false,"pivot":{"x":16.79199981689453,"y":0.8376731872558594,"z":90.37876892089844},"rotation":{"x":0.18894608318805695,"y":-0.06447181850671768,"z":0.012421969324350357,"w":0.9798126816749573},"size":2.009420394897461,"orthographic":false}