{"cameraMode":{"drawMode":0,"name":"Shaded","section":"Shading Mode"},"sceneLighting":false,"audioPlay":false,"sceneViewState":{"showFog":true,"showMaterialUpdate":false,"showSkybox":false,"showFlares":true,"showImageEffects":true,"showParticleSystems":true},"in2DMode":false,"pivot":{"x":353.7514953613281,"y":9.261064529418946,"z":-34.53626251220703},"rotation":{"x":0.2720365822315216,"y":-0.31760743260383608,"z":0.09570589661598206,"w":0.903436005115509},"size":14.673666000366211,"orthographic":false}