{"cameraMode":{"drawMode":0,"name":"Shaded","section":"Shading Mode"},"sceneLighting":false,"audioPlay":false,"sceneViewState":{"showFog":false,"showMaterialUpdate":false,"showSkybox":false,"showFlares":false,"showImageEffects":false,"showParticleSystems":false},"in2DMode":false,"pivot":{"x":2.9802322387695315e-8,"y":0.4996272623538971,"z":-0.06861696392297745},"rotation":{"x":0.009013243950903416,"y":-0.9909917116165161,"z":0.09273895621299744,"w":0.09634978324174881},"size":0.4051153063774109,"orthographic":false}