{"cameraMode":{"drawMode":0,"name":"Shaded","section":"Shading Mode"},"sceneLighting":false,"audioPlay":false,"sceneViewState":{"showFog":false,"showMaterialUpdate":false,"showSkybox":false,"showFlares":false,"showImageEffects":false,"showParticleSystems":false},"in2DMode":false,"pivot":{"x":0.0045136213302612309,"y":0.4664056599140167,"z":-0.0976133942604065},"rotation":{"x":0.0002352681040065363,"y":-0.9997710585594177,"z":0.015307599678635598,"w":0.015918171033263208},"size":0.6573300361633301,"orthographic":false}