{"cameraMode":{"drawMode":0,"name":"Shaded","section":"Shading Mode"},"sceneLighting":false,"audioPlay":false,"sceneViewState":{"showFog":false,"showMaterialUpdate":false,"showSkybox":false,"showFlares":false,"showImageEffects":false,"showParticleSystems":false},"in2DMode":false,"pivot":{"x":-0.03682836890220642,"y":0.1947091817855835,"z":0.04239743947982788},"rotation":{"x":0.16725040972232819,"y":0.4223993420600891,"z":-0.07961753755807877,"w":0.887283444404602},"size":0.2279406487941742,"orthographic":false}