{"cameraMode":{"drawMode":0,"name":"Shaded","section":"Shading Mode"},"sceneLighting":false,"audioPlay":false,"sceneViewState":{"showFog":false,"showMaterialUpdate":false,"showSkybox":false,"showFlares":false,"showImageEffects":false,"showParticleSystems":false},"in2DMode":false,"pivot":{"x":34.21282196044922,"y":28.067092895507814,"z":-13.59998893737793},"rotation":{"x":-0.15959396958351136,"y":-0.11580107361078263,"z":0.01883714087307453,"w":-0.9802032709121704},"size":4.242095947265625,"orthographic":false}