{"cameraMode":{"drawMode":0,"name":"Shaded","section":"Shading Mode"},"sceneLighting":false,"audioPlay":false,"sceneViewState":{"showFog":false,"showMaterialUpdate":false,"showSkybox":false,"showFlares":false,"showImageEffects":false,"showParticleSystems":false},"in2DMode":false,"pivot":{"x":5.960464477539063e-8,"y":0.47861799597740176,"z":-0.09203550964593888},"rotation":{"x":0.0002352681040065363,"y":-0.9997710585594177,"z":0.015307599678635598,"w":0.015918171033263208},"size":0.6855355501174927,"orthographic":false}