{"cameraMode":{"drawMode":0,"name":"Shaded","section":"Shading Mode"},"sceneLighting":false,"audioPlay":false,"sceneViewState":{"showFog":false,"showMaterialUpdate":false,"showSkybox":false,"showFlares":false,"showImageEffects":false,"showParticleSystems":false},"in2DMode":false,"pivot":{"x":-0.031145483255386354,"y":0.4229755103588104,"z":-0.08481810986995697},"rotation":{"x":0.17062540352344514,"y":-0.24942336976528169,"z":0.04469585791230202,"w":0.9521995186805725},"size":0.5217768549919128,"orthographic":false}