{"cameraMode":{"drawMode":0,"name":"Shaded","section":"Shading Mode"},"sceneLighting":false,"audioPlay":false,"sceneViewState":{"showFog":false,"showMaterialUpdate":false,"showSkybox":false,"showFlares":false,"showImageEffects":false,"showParticleSystems":false},"in2DMode":false,"pivot":{"x":-1.2349064350128174,"y":0.6858664751052856,"z":0.0036785975098609926},"rotation":{"x":-0.23104840517044068,"y":0.09611983597278595,"z":-0.02298576757311821,"w":-0.9679799675941467},"size":1.5048309564590455,"orthographic":false}