{"cameraMode":{"drawMode":0,"name":"Shaded","section":"Shading Mode"},"sceneLighting":false,"audioPlay":false,"sceneViewState":{"showFog":false,"showMaterialUpdate":false,"showSkybox":false,"showFlares":false,"showImageEffects":false,"showParticleSystems":false},"in2DMode":false,"pivot":{"x":35.97496795654297,"y":1.4874999523162842,"z":83.84326171875},"rotation":{"x":0.1833636313676834,"y":0.4446165859699249,"z":-0.09351234883069992,"w":0.8717759847640991},"size":1.9330127239227296,"orthographic":false}