{"cameraMode":{"drawMode":0,"name":"Shaded","section":"Shading Mode"},"sceneLighting":false,"audioPlay":false,"sceneViewState":{"showFog":false,"showMaterialUpdate":false,"showSkybox":false,"showFlares":false,"showImageEffects":false,"showParticleSystems":false},"in2DMode":false,"pivot":{"x":2.9709365367889406,"y":0.6003156900405884,"z":-2.604764699935913},"rotation":{"x":0.08420556783676148,"y":-0.011333487927913666,"z":0.0009710174053907394,"w":0.9963989853858948},"size":3.8524043560028078,"orthographic":false}