{"cameraMode":{"drawMode":0,"name":"Shaded","section":"Shading Mode"},"sceneLighting":false,"audioPlay":false,"sceneViewState":{"showFog":true,"showMaterialUpdate":true,"showSkybox":false,"showFlares":true,"showImageEffects":true,"showParticleSystems":true},"in2DMode":false,"pivot":{"x":-7.613961696624756,"y":3.283352851867676,"z":5.977492332458496},"rotation":{"x":0.07254604250192642,"y":-0.15465770661830903,"z":-0.011387496255338192,"w":-0.9852418303489685},"size":4.785503387451172,"orthographic":false}