{"cameraMode":{"drawMode":0,"name":"Shaded","section":"Shading Mode"},"sceneLighting":false,"audioPlay":false,"sceneViewState":{"showFog":false,"showMaterialUpdate":false,"showSkybox":false,"showFlares":false,"showImageEffects":false,"showParticleSystems":false},"in2DMode":false,"pivot":{"x":-0.023488283157348634,"y":0.6241652965545654,"z":0.30674540996551516},"rotation":{"x":-0.1637941598892212,"y":0.09513512253761292,"z":-0.015871355310082437,"w":-0.9817936420440674},"size":2.1644375324249269,"orthographic":false}