{"cameraMode":{"drawMode":0,"name":"Shaded","section":"Shading Mode"},"sceneLighting":false,"audioPlay":false,"sceneViewState":{"showFog":false,"showMaterialUpdate":false,"showSkybox":false,"showFlares":false,"showImageEffects":false,"showParticleSystems":false},"in2DMode":false,"pivot":{"x":-0.012420549988746643,"y":0.007121846079826355,"z":-0.003112584352493286},"rotation":{"x":0.17062540352344514,"y":-0.24942336976528169,"z":0.04469585791230202,"w":0.9521995186805725},"size":0.40663328766822817,"orthographic":false}