{"cameraMode":{"drawMode":0,"name":"Shaded","section":"Shading Mode"},"sceneLighting":false,"audioPlay":false,"sceneViewState":{"showFog":false,"showMaterialUpdate":false,"showSkybox":false,"showFlares":false,"showImageEffects":false,"showParticleSystems":false},"in2DMode":false,"pivot":{"x":-0.023014366626739503,"y":-0.04013848304748535,"z":-0.05002981424331665},"rotation":{"x":0.17062540352344514,"y":-0.24942336976528169,"z":0.04469585791230202,"w":0.9521995186805725},"size":0.7594243884086609,"orthographic":false}