{"cameraMode":{"drawMode":0,"name":"Shaded","section":"Shading Mode"},"sceneLighting":false,"audioPlay":false,"sceneViewState":{"showFog":false,"showMaterialUpdate":false,"showSkybox":false,"showFlares":false,"showImageEffects":false,"showParticleSystems":false},"in2DMode":false,"pivot":{"x":0.0045136213302612309,"y":0.46532413363456728,"z":-0.054872334003448489},"rotation":{"x":0.0010392899857833982,"y":-0.9987002611160278,"z":0.022784382104873658,"w":0.045893698930740359},"size":0.649063229560852,"orthographic":false}