{"cameraMode":{"drawMode":0,"name":"Shaded","section":"Shading Mode"},"sceneLighting":false,"audioPlay":false,"sceneViewState":{"showFog":true,"showMaterialUpdate":false,"showSkybox":false,"showFlares":true,"showImageEffects":true,"showParticleSystems":true},"in2DMode":false,"pivot":{"x":15.800000190734864,"y":-0.07999999821186066,"z":97.0999984741211},"rotation":{"x":0.2780703902244568,"y":0.038020506501197818,"z":-0.011021167039871216,"w":0.9597854018211365},"size":10.0,"orthographic":false}