{"cameraMode":{"drawMode":0,"name":"Shaded","section":"Shading Mode"},"sceneLighting":false,"audioPlay":false,"sceneViewState":{"showFog":false,"showMaterialUpdate":false,"showSkybox":false,"showFlares":false,"showImageEffects":false,"showParticleSystems":false},"in2DMode":false,"pivot":{"x":0.09173587709665299,"y":2.922170877456665,"z":0.899898886680603},"rotation":{"x":0.01816547103226185,"y":-0.981231689453125,"z":0.11713200062513352,"w":0.15223681926727296},"size":3.2778637409210207,"orthographic":false}